<?xml version="1.0" encoding="UTF-8"?>
<!DOCTYPE hibernate-configuration PUBLIC
        "-//Hibernate/Hibernate Configuration DTD 3.0//EN"
        "http://www.hibernate.org/dtd/hibernate-configuration-3.0.dtd">
<hibernate-configuration>
    <session-factory>
        <property name="connection.driver_class">com.mysql.cj.jdbc.Driver</property>
        <property name="connection.url">jdbc:mysql://mysql-16075653-sahoojyotiranjan114-f8fd.h.aivencloud.com:17343/defaultdb?ssl-mode=REQUIRED</property>
        <property name="connection.username">avnadmin</property>
        <property name="connection.password">AVNS_8WJKmxDfQeNXYWzjD4T</property>
        <property name="dialect">org.hibernate.dialect.MySQL8Dialect</property>
        <property name="hbm2ddl.auto">update</property>
        <property name="show_sql">true</property>
        <property name="format_sql">true</property>
        <mapping class="com.entity.User" />
        <mapping class="com.entity.Batch" />
        <mapping class="com.entity.Student" />
        <mapping class="com.entity.Exam" />
        <mapping class="com.entity.Question" />
        <mapping class="com.entity.Enroll" />
        <mapping class="com.entity.Answer" />
        <mapping class="com.entity.Result" />
        <mapping class="com.entity.Notice" />
    </session-factory>
</hibernate-configuration>